{"question":"Python中的字典是什么？", "chosen":"Python中的字典是一种无序的可变容器，允许使用键-值对来存储数据。","rejected":"Python中的字典用于存储数据。"}
{"question":"什么是回归分析？", "chosen":"回归分析是一种统计方法，用于确定变量之间的关系，通常用于预测和模型拟合。","rejected":"回归分析是一种数据分析方法。"}
{"question":"如何优化机器学习模型？", "chosen":"优化机器学习模型可以通过调节超参数、选择合适的模型和特征工程来实现。","rejected":"优化模型可以提高性能。"}
{"question":"什么是机器学习？", "chosen":"机器学习是一种人工智能方法，通过算法和统计模型使计算机系统能够执行特定任务，而无需明确编程指令。","rejected":"机器学习是计算机科学的一个领域。"}
{"question":"Python的主要特点是什么？", "chosen":"Python的主要特点包括简洁的语法、强大的库支持以及跨平台的兼容性。","rejected":"Python是一种编程语言。"}
{"question":"如何进行数据清洗？", "chosen":"数据清洗通常包括处理缺失值、去除重复数据、标准化数据格式等步骤。","rejected":"数据清洗是数据处理的一部分。"}
{"question":"什么是数据库？", "chosen":"数据库是一个有组织的数据集合，允许高效的数据存储、检索和管理。","rejected":"数据库用于存储数据。"}
{"question":"深度学习和机器学习的区别是什么？", "chosen":"深度学习是机器学习的一个子集，主要通过神经网络处理数据，而传统机器学习算法不依赖于神经网络。","rejected":"深度学习是机器学习的一部分。"}
{"question":"如何使用Pandas加载CSV文件？", "chosen":"你可以使用Pandas的`read_csv()`函数来加载CSV文件，并将其转换为DataFrame。","rejected":"使用Pandas加载CSV文件。"}
{"question":"什么是自然语言处理？", "chosen":"自然语言处理是计算机科学与人工智能的一个子领域，专注于机器与人类语言的交互。","rejected":"自然语言处理是计算机科学的一部分。"}