{"query": "请给出保持健康的三个方法。"}
{"query": "三原色是什么？"}
{"query": "请描述原子的结构。"}
{"query": "如何减少空气污染？"}
{"query": "描述一次你不得不做出困难决定的经历。"}
{"query": "天空为什么是蓝色的？"}
{"query": "解释为什么4/16等同于1/4？"}
{"query": "写一个关于主人公必须做出重要职业决定的第三人称叙述的短故事。"}
{"query": "请渲染一座房子的三维模型。"}
{"query": "朱利叶斯·凯撒是如何死亡的？"}